enc,dec,hetero,val_bpc,cka,vocab_jaccard,dim_gap
codet5,plbart,True,0.6148870677139099,0.8278918266296387,0.3389098206241297,0.0
plbart,plbart,False,0.7128021250035913,1.0,1.0,0.0
unixcoder,plbart,True,0.7142071303470722,0.6637415885925293,0.2796385408229707,0.0
codet5,codegpt,True,0.7370514395072949,0.3072893023490906,0.2135279248694625,0.0
roberta,plbart,True,0.7437783426187277,0.9288471341133118,0.1850124111957545,0.0
plbart,codegpt,True,0.7611707938736761,0.3791748583316803,0.1849891577265464,0.0
codebert,plbart,True,0.7655819259178757,0.70717853307724,0.1850124111957545,0.0
roberta,codegpt,True,0.7960877804794855,0.37935870885849,0.9998562151022072,0.0
codet5,gpt2,True,0.8213639990530299,0.2005888372659683,0.213476512048415,0.0
codebert,codegpt,True,0.8223129256658482,0.2611134946346283,0.9998562151022072,0.0
unixcoder,codegpt,True,0.8284624289128704,0.3579916656017303,0.212756714651647,0.0
plbart,gpt2,True,0.8514284684474476,0.2956821918487549,0.1849489977887153,0.0
roberta,gpt2,True,0.8735183334318539,0.3378181159496307,0.999808282208589,0.0
unixcoder,gpt2,True,0.8804510741449924,0.2631067037582397,0.2127149619509857,0.0
codebert,gpt2,True,0.8966077805423062,0.1848001480102539,0.999808282208589,0.0
codet5,codet5,False,1.0312823022152537,1.0,1.0,0.0
plbart,codet5,True,1.3246282494887247,0.8278921246528625,0.3389098206241297,0.0
roberta,codet5,True,1.332448171701728,0.7799155116081238,0.2135569454438109,0.0
codebert,codet5,True,1.4027492574989486,0.6089498996734619,0.2135569454438109,0.0
unixcoder,codet5,True,1.4502622348941079,0.5471004843711853,0.3982015421665451,0.0
