enc,dec,hetero,cka,vocab_jaccard,dim_gap
codet5,codet5,False,1.0,1.0,0.0
codet5,plbart,True,0.8278918266296387,0.3389098206241297,0.0
codet5,codegpt,True,0.3072893023490906,0.21352792486946254,0.0
codet5,gpt2,True,0.20058883726596832,0.21347651204841506,0.0
plbart,codet5,True,0.8278921246528625,0.3389098206241297,0.0
plbart,plbart,False,1.0,1.0,0.0
plbart,codegpt,True,0.3791748583316803,0.18498915772654645,0.0
plbart,gpt2,True,0.2956821918487549,0.18494899778871532,0.0
codebert,codet5,True,0.6089498996734619,0.21355694544381099,0.0
codebert,plbart,True,0.70717853307724,0.1850124111957545,0.0
codebert,codegpt,True,0.2611134946346283,0.9998562151022071,0.0
codebert,gpt2,True,0.1848001480102539,0.999808282208589,0.0
unixcoder,codet5,True,0.5471004843711853,0.39820154216654513,0.0
unixcoder,plbart,True,0.6637415885925293,0.27963854082297074,0.0
unixcoder,codegpt,True,0.35799166560173035,0.21275671465164703,0.0
unixcoder,gpt2,True,0.26310670375823975,0.2127149619509857,0.0
roberta,codet5,True,0.7799155116081238,0.21355694544381099,0.0
roberta,plbart,True,0.9288471341133118,0.1850124111957545,0.0
roberta,codegpt,True,0.37935870885849,0.9998562151022071,0.0
roberta,gpt2,True,0.33781811594963074,0.999808282208589,0.0
