system,baseline,delta_sentBLEU,CI_lo,CI_hi,p_boot,cohens_d_seeds,welch_p_seeds,p_holm,significant_holm_0.05
codet5->codegpt | linear | dec_tune,native:codegpt,-4.6312617127451,-5.687085650821424,-3.5728215003613046,0.0001,-4.798178803690666,0.023669103408811884,0.0025,True
codet5->codegpt | linear | dec_tune,codet5->codegpt | naive | dec_tune,13.939293259266035,12.654012513200806,15.259251663705577,0.0001,13.108611276085343,0.00013507105071589354,0.0025,True
codet5->codegpt | naive | dec_tune,native:codegpt,-18.570554972011138,-20.125113473466595,-17.01462734844389,0.0001,-27.072814140042546,0.00046834851898342535,0.0025,True
codet5->codegpt | resampler | dec_tune,native:codegpt,-13.636513421854183,-15.014626066058241,-12.303597900702911,0.0001,-15.25542344008059,0.0015867351587361505,0.0025,True
codet5->codegpt | resampler | dec_tune,codet5->codegpt | naive | dec_tune,4.934041550156952,4.05089641715434,5.83906725103405,0.0001,9.388126631253812,0.0003318659376363252,0.0025,True
codet5->codet5 | linear | dec_tune,native:codet5,-6.610494231666101,-7.672790030869651,-5.543806480208234,0.0001,-21.01494953211036,7.348424748907324e-05,0.0025,True
codet5->codet5 | linear | dec_tune,codet5->codet5 | naive | dec_tune,-2.4511135032217064,-3.408925010899808,-1.4943268168860286,0.0001,-5.859108795502065,0.0028392204367644123,0.0025,True
codet5->codet5 | naive | dec_tune,native:codet5,-4.159380728444395,-5.1552602725670305,-3.1571962480680926,0.0001,-9.561626627397466,0.0021531569752041096,0.0025,True
codet5->codet5 | resampler | dec_tune,native:codet5,-8.329584450009538,-9.404921903069498,-7.255629556597455,0.0001,-10.420227116869514,0.003656654897416442,0.0025,True
codet5->codet5 | resampler | dec_tune,codet5->codet5 | naive | dec_tune,-4.170203721565142,-5.224760957744598,-3.1389303388814147,0.0001,-3.729046414478092,0.01570942409757249,0.0025,True
codet5->plbart | linear | dec_tune,native:plbart,-6.618562675166719,-7.774001485327634,-5.426290725021525,0.0001,-7.189681827670331,0.000976053269150856,0.0025,True
codet5->plbart | linear | dec_tune,codet5->plbart | naive | dec_tune,14.049805200314914,12.679266854708496,15.457325884670889,0.0001,15.926835562312547,8.132892080088558e-05,0.0025,True
codet5->plbart | naive | dec_tune,native:plbart,-20.668367875481632,-22.25394068318559,-19.06299022684634,0.0001,-21.314939335597604,1.8212409349593194e-05,0.0025,True
codet5->plbart | resampler | dec_tune,native:plbart,-11.622018478343195,-12.911268271365476,-10.324625597767977,0.0001,-13.023416621297631,9.086199731919557e-05,0.0025,True
codet5->plbart | resampler | dec_tune,codet5->plbart | naive | dec_tune,9.046349397138435,7.861695215057861,10.231177181289137,0.0001,9.984659388193558,0.0003467255161925931,0.0025,True
plbart->plbart | linear | dec_tune,native:plbart,-7.303123267141555,-8.405190616785895,-6.185589530872975,0.0001,-11.920950591025417,0.0022992002712717364,0.0025,True
plbart->plbart | linear | dec_tune,plbart->plbart | naive | dec_tune,-1.746503946467747,-2.72801585167914,-0.7466426196014846,0.0004,-1.2473839689013138,0.2433584358901593,0.0025,True
plbart->plbart | naive | dec_tune,native:plbart,-5.556619320673808,-6.75895283932867,-4.394038757385591,0.0001,-8.44890714694293,0.0005310326742865981,0.0025,True
plbart->plbart | resampler | dec_tune,native:plbart,-12.785740787194078,-14.053496707102008,-11.502571237242805,0.0001,-13.674698231148533,9.509022840919264e-05,0.0025,True
plbart->plbart | resampler | dec_tune,plbart->plbart | naive | dec_tune,-7.229121466520268,-8.38155082433646,-6.096985194643014,0.0001,-6.801906118358346,0.0016545659082514714,0.0025,True
unixcoder->plbart | linear | dec_tune,native:plbart,-24.935494546828732,-26.79422152074285,-23.01514792841497,0.0001,-25.379581145140957,6.4300541417739374e-06,0.0025,True
unixcoder->plbart | linear | dec_tune,unixcoder->plbart | naive | dec_tune,6.1309755561747,4.885833461924073,7.442791014601051,0.0001,16.615223406067447,0.0012921028730787198,0.0025,True
unixcoder->plbart | naive | dec_tune,native:plbart,-31.066470103003432,-33.077553886938055,-29.03610513341123,0.0001,-50.51434144893387,0.00010945854468287257,0.0025,True
unixcoder->plbart | resampler | dec_tune,native:plbart,-23.941015930387955,-25.779869447906673,-22.081627476314917,0.0001,-23.561258651321143,8.594279466632772e-06,0.0025,True
unixcoder->plbart | resampler | dec_tune,unixcoder->plbart | naive | dec_tune,7.125454172615477,5.8096330258002995,8.469380867479481,0.0001,18.581277509042287,0.0010246624372392756,0.0025,True
