config,BLEU,trainable_M,BLEU_per_M_trainable,pareto_optimal
native:plbart,38.30262054374413,254.432256,0.15054152781534166,True
native:codet5,37.007793616703054,296.840448,0.12467234120568049,False
codet5->plbart | linear | dec_tune,33.916431500280716,173.303808,0.1957050562921313,True
codet5->codet5 | naive | dec_tune,33.16047532336257,187.233408,0.17710768434745666,False
plbart->plbart | naive | dec_tune,33.15972682779421,172.71168,0.19199469791385393,True
plbart->plbart | linear | dec_tune,32.628593147972516,173.303808,0.18827395384164042,False
native:codegpt,32.172726410114855,163.041792,0.19732809616147287,True
codet5->codet5 | resampler | dec_tune,30.52602675622727,202.027392,0.15109845478887968,False
codet5->codet5 | linear | dec_tune,30.4850722017451,187.825536,0.16230525865101272,False
codet5->plbart | resampler | dec_tune,30.02724846545264,187.505664,0.16014048762523056,False
codet5->codegpt | linear | dec_tune,28.713730844100667,163.63392,0.17547542003577662,False
plbart->plbart | resampler | dec_tune,28.50714664841752,187.505664,0.15203352282956914,False
codet5->codegpt | resampler | dec_tune,24.042734761568255,177.835776,0.13519627660054326,False
unixcoder->plbart | resampler | dec_tune,23.195221236097137,187.505664,0.12370410973877108,False
codet5->plbart | naive | dec_tune,22.89152882287,172.71168,0.13254186875415722,False
unixcoder->plbart | linear | dec_tune,22.161129878508348,173.303808,0.12787445431382757,False
codet5->codegpt | naive | dec_tune,16.997557828216273,163.041792,0.10425276623686934,False
unixcoder->plbart | naive | dec_tune,14.550080759568013,172.71168,0.08424491475948825,False
