config,n_seeds,BLEU,BLEU_sd,CI_lo,CI_hi,EM,val_bpc,empty_rate,trainable_M,stalled_steps,pred_syntax_valid_rate
native:plbart,3,38.30262054374413,0.6447995590511406,36.700849642605064,39.9043914448832,28.7,0.34191675593380055,0.0,254.432256,0,0.994
native:codet5,3,37.007793616703054,0.22301672025953015,36.453789371562344,37.561797861843765,29.933333333333326,0.33999518306268756,0.0,296.840448,0,0.9936666666666667
codet5->plbart | linear | dec_tune,3,33.916431500280716,0.573234244927904,32.49243869480623,35.3404243057552,18.366666666666667,0.42874361648249876,0.0,173.303808,0,0.9876666666666667
codet5->codet5 | naive | dec_tune,3,33.16047532336257,0.5235149330266037,31.85999213558285,34.46095851114229,25.433333333333337,0.36226690338024997,0.0,187.233408,0,0.991
plbart->plbart | naive | dec_tune,3,33.15972682779421,0.570331105615751,31.742945820167417,34.576507835421,23.366666666666664,0.3632098146172366,0.0,172.71168,0,0.9903333333333333
plbart->plbart | linear | dec_tune,3,32.628593147972516,0.19321080112200612,32.148630910593795,33.10855538535124,19.666666666666668,0.39824494401600136,0.0,173.303808,0,0.9863333333333333
native:codegpt,3,32.172726410114855,0.1872218751550207,31.70764148958342,32.637811330646294,20.5,0.34890111086477266,0.0,163.041792,0,0.9716666666666667
codet5->codet5 | resampler | dec_tune,3,30.52602675622727,0.8509545299594188,28.4121385173965,32.63991499505804,17.933333333333334,0.4681966686750331,0.0,202.027392,0,0.982
codet5->codet5 | linear | dec_tune,3,30.4850722017451,0.37807541655704213,29.545880801601676,31.424263601888526,21.066666666666666,0.4324858772545455,0.0,187.825536,0,0.9836666666666667
codet5->plbart | resampler | dec_tune,3,30.02724846545264,0.6259049936523665,28.472414266767213,31.582082664138067,11.466666666666667,0.5078827331490295,0.0,187.505664,0,0.985
codet5->codegpt | linear | dec_tune,3,28.713730844100667,1.0021649854465482,26.224215010388026,31.203246677813308,12.833333333333334,0.40640470120098393,0.0,163.63392,0,0.9633333333333334
plbart->plbart | resampler | dec_tune,3,28.50714664841752,0.7813226984576485,26.566233468156398,30.448059828678645,11.933333333333332,0.4953684604410986,0.0,187.505664,0,0.988
codet5->codegpt | resampler | dec_tune,3,24.042734761568255,0.7300447915423959,22.229202963653353,25.856266559483156,2.4333333333333336,0.5396099338278543,0.0,177.835776,0,0.9453333333333334
unixcoder->plbart | resampler | dec_tune,3,23.195221236097137,0.6375733122439624,21.611401327165968,24.779041145028305,4.1000000000000005,0.547617814521889,0.0,187.505664,0,0.9816666666666667
codet5->plbart | naive | dec_tune,3,22.89152882287,0.7935644417312678,20.92020546648569,24.86285217925431,3.3333333333333335,0.5802671392651394,0.0,172.71168,0,0.9836666666666667
unixcoder->plbart | linear | dec_tune,3,22.161129878508348,0.6270831306156662,20.603369025362817,23.71889073165388,3.866666666666667,0.5565691503350354,0.0,173.303808,0,0.9883333333333333
codet5->codegpt | naive | dec_tune,3,16.997557828216273,0.7702852596460679,15.084063165947793,18.911052490484753,0.5666666666666665,0.5711456163584083,0.0,163.041792,0,0.9833333333333333
unixcoder->plbart | naive | dec_tune,3,14.550080759568013,0.16259009619660897,14.146184570053908,14.953976949082119,0.6666666666666666,1.1549159689672397,0.0,172.71168,0,0.79
